,id,city,longitude,latitude,global_score,rank
0,6,Paris,2.3483915,48.8534951,20.0,1. Paris
1,8,Lille,3.0635282,50.6365654,19.5,2. Lille
2,4,Le Havre,0.1079732,49.4938975,18.0,3. Le Havre
3,1,Mont Saint Michel,-1.5114600,48.6359541,17.5,4. Mont Saint Michel
4,3,Bayeux,-0.7024738,49.2764624,17.5,5. Bayeux
